patient_id,age,gender,plan_id,city,enrollment_date,smoking_status
PAT_0001,28,Male,PLN_GOLD,Chicago,8/27/2024,Non-Smoker
PAT_0002,33,Male,PLN_GOLD,Miami,8/14/2023,Non-Smoker
PAT_0003,63,Male,PLN_GOLD,Chicago,12-11-23,Smoker
PAT_0004,56,Female,PLN_BRNZ,Chicago,1/23/2024,Smoker
PAT_0005,50,Male,PLN_SILV,Chicago,10/24/2023,Non-Smoker
PAT_0006,34,Male,PLN_BRNZ,Miami,12/30/2023,Smoker
PAT_0007,33,Female,PLN_SILV,Miami,10-04-23,Non-Smoker
PAT_0008,54,Male,PLN_SILV,Chicago,11/20/2023,Non-Smoker
PAT_0009,19,Female,PLN_SILV,Chicago,9/29/2023,Smoker
PAT_0010,59,Female,PLN_SILV,Miami,8/13/2023,Non-Smoker
PAT_0011,58,Male,PLN_BRNZ,Chicago,11/27/2024,Non-Smoker
PAT_0012,43,Male,PLN_BRNZ,Chicago,11/29/2024,Non-Smoker
PAT_0013,30,Female,PLN_SILV,Chicago,9/27/2023,Non-Smoker
PAT_0014,68,Male,PLN_GOLD,Chicago,1/18/2024,Non-Smoker
PAT_0015,47,Female,PLN_GOLD,Miami,09-03-23,Smoker
PAT_0016,52,Male,PLN_BRNZ,Chicago,11-06-24,Non-Smoker
PAT_0017,81,Male,PLN_GOLD,Chicago,11/16/2023,Non-Smoker
PAT_0018,42,Male,PLN_SILV,Miami,1/22/2023,Non-Smoker
PAT_0019,21,Male,PLN_BRNZ,Chicago,02-02-23,Non-Smoker
PAT_0020,54,Male,PLN_GOLD,Miami,09-06-23,Non-Smoker
PAT_0021,30,Female,PLN_SILV,Miami,4/23/2024,Non-Smoker
PAT_0022,51,Male,PLN_BRNZ,Chicago,7/16/2023,Smoker
PAT_0023,35,Male,PLN_SILV,Miami,7/17/2024,Smoker
PAT_0024,65,Male,PLN_BRNZ,Chicago,2/21/2024,Non-Smoker
PAT_0025,43,Female,PLN_BRNZ,Miami,10/20/2023,Non-Smoker
PAT_0026,29,Male,PLN_SILV,Chicago,11/18/2023,Smoker
PAT_0027,27,Male,PLN_BRNZ,Chicago,03-12-23,Non-Smoker
PAT_0028,68,Male,PLN_GOLD,Chicago,03-05-24,Non-Smoker
PAT_0029,27,Male,PLN_BRNZ,Miami,02-10-24,Smoker
PAT_0030,75,Male,PLN_BRNZ,Miami,9/28/2024,Non-Smoker
PAT_0031,33,Female,PLN_GOLD,Chicago,09-08-23,Non-Smoker
PAT_0032,64,Male,PLN_SILV,Miami,11-10-24,Smoker
PAT_0033,52,Female,PLN_GOLD,Chicago,12/18/2023,Smoker
PAT_0034,39,Male,PLN_BRNZ,Chicago,10-11-24,Non-Smoker
PAT_0035,51,Female,PLN_SILV,Chicago,3/28/2024,Non-Smoker
PAT_0036,24,Male,PLN_BRNZ,Chicago,1/14/2024,Non-Smoker
PAT_0037,44,Male,PLN_BRNZ,Miami,08-04-23,Non-Smoker
PAT_0038,82,Male,PLN_GOLD,Chicago,6/16/2023,Non-Smoker
PAT_0039,30,Female,PLN_BRNZ,Chicago,10-01-23,Smoker
PAT_0040,66,Female,PLN_GOLD,Miami,11-09-23,Non-Smoker
PAT_0041,38,Male,PLN_SILV,Miami,12/26/2023,Non-Smoker
PAT_0042,24,Male,PLN_BRNZ,Miami,02-09-23,Smoker
PAT_0043,42,Male,PLN_BRNZ,Miami,8/13/2024,Smoker
PAT_0044,81,Male,PLN_GOLD,Miami,3/17/2024,Smoker
PAT_0045,60,Female,PLN_GOLD,Miami,11/13/2024,Non-Smoker
PAT_0046,24,Female,PLN_BRNZ,Chicago,9/22/2024,Non-Smoker
PAT_0047,48,Female,PLN_GOLD,Miami,3/28/2024,Non-Smoker
PAT_0048,58,Female,PLN_GOLD,Chicago,8/29/2023,Non-Smoker
PAT_0049,21,Male,PLN_BRNZ,Miami,2/29/2024,Non-Smoker
PAT_0050,37,Male,PLN_SILV,Chicago,03-11-24,Smoker
PAT_0051,47,Male,PLN_BRNZ,Miami,5/17/2023,Non-Smoker
PAT_0052,75,Female,PLN_SILV,Miami,06-12-23,Non-Smoker
PAT_0053,55,Female,PLN_GOLD,Chicago,10-09-23,Non-Smoker
PAT_0054,40,Male,PLN_BRNZ,Chicago,06-04-23,Non-Smoker
PAT_0055,29,Female,PLN_SILV,Miami,03-05-23,Smoker
PAT_0056,65,Female,PLN_SILV,Miami,01-07-23,Non-Smoker
PAT_0057,43,Male,PLN_BRNZ,Miami,8/13/2023,Non-Smoker
PAT_0058,57,Male,PLN_SILV,Miami,05-11-23,Non-Smoker
PAT_0059,26,Female,PLN_SILV,Chicago,2/21/2023,Non-Smoker
PAT_0060,37,Female,PLN_BRNZ,Miami,9/16/2023,Non-Smoker
PAT_0061,25,Male,PLN_BRNZ,Chicago,10/29/2024,Smoker
PAT_0062,54,Female,PLN_GOLD,Chicago,7/31/2024,Non-Smoker
PAT_0063,25,Male,PLN_BRNZ,Chicago,11/15/2023,Smoker
PAT_0064,40,Male,PLN_BRNZ,Chicago,4/15/2023,Non-Smoker
PAT_0065,63,Male,PLN_SILV,Miami,6/29/2024,Non-Smoker
PAT_0066,23,Female,PLN_SILV,Chicago,3/19/2024,Non-Smoker
PAT_0067,45,Female,PLN_SILV,Miami,4/21/2024,Non-Smoker
PAT_0068,75,Male,PLN_SILV,Miami,04-06-24,Non-Smoker
PAT_0069,49,Female,PLN_SILV,Chicago,5/14/2024,Smoker
PAT_0070,73,Female,PLN_SILV,Chicago,6/13/2024,Non-Smoker
PAT_0071,38,Female,PLN_BRNZ,Miami,04-03-24,Non-Smoker
PAT_0072,54,Female,PLN_GOLD,Miami,7/20/2024,Non-Smoker
PAT_0073,56,Female,PLN_GOLD,Chicago,05-04-23,Non-Smoker
PAT_0074,82,Male,PLN_SILV,Chicago,05-10-24,Non-Smoker
PAT_0075,74,Female,PLN_SILV,Chicago,01-05-24,Smoker
PAT_0076,18,Female,PLN_GOLD,Chicago,10/15/2024,Non-Smoker
PAT_0077,34,Female,PLN_SILV,Miami,07-08-23,Non-Smoker
PAT_0078,46,Male,PLN_GOLD,Chicago,06-02-23,Non-Smoker
PAT_0079,33,Male,PLN_SILV,Miami,04-06-24,Non-Smoker
PAT_0080,49,Male,PLN_GOLD,Chicago,10-02-24,Smoker
PAT_0081,28,Male,PLN_GOLD,Miami,04-06-24,Non-Smoker
PAT_0082,40,Female,PLN_SILV,Chicago,8/28/2023,Non-Smoker
PAT_0083,49,Male,PLN_SILV,Miami,5/26/2023,Smoker
PAT_0084,40,Female,PLN_SILV,Miami,10-06-23,Non-Smoker
PAT_0085,66,Female,PLN_SILV,Chicago,04-04-23,Non-Smoker
PAT_0086,65,Female,PLN_SILV,Chicago,6/29/2023,Non-Smoker
PAT_0087,70,Female,PLN_GOLD,Chicago,4/26/2024,Non-Smoker
PAT_0088,68,Female,PLN_GOLD,Miami,11-09-24,Non-Smoker
PAT_0089,30,Male,PLN_SILV,Miami,06-10-24,Non-Smoker
PAT_0090,18,Female,PLN_SILV,Miami,2/22/2023,Smoker
PAT_0091,79,Male,PLN_GOLD,Chicago,06-12-23,Non-Smoker
PAT_0092,18,Male,PLN_BRNZ,Miami,05-01-23,Non-Smoker
PAT_0093,46,Female,PLN_GOLD,Miami,09-07-23,Non-Smoker
PAT_0094,54,Male,PLN_GOLD,Miami,2/29/2024,Non-Smoker
PAT_0095,47,Female,PLN_GOLD,Chicago,04-02-24,Non-Smoker
PAT_0096,41,Male,PLN_BRNZ,Chicago,08-08-24,Non-Smoker
PAT_0097,51,Female,PLN_SILV,Miami,11-10-24,Non-Smoker
PAT_0098,28,Female,PLN_BRNZ,Chicago,3/26/2024,Smoker
PAT_0099,31,Male,PLN_BRNZ,Chicago,4/25/2024,Non-Smoker
PAT_0100,60,Female,PLN_BRNZ,Miami,10-03-24,Non-Smoker
PAT_0101,30,Female,PLN_GOLD,Chicago,04-03-23,Non-Smoker
PAT_0102,58,Male,PLN_BRNZ,Miami,2/27/2023,Non-Smoker
PAT_0103,44,Male,PLN_SILV,Chicago,6/29/2023,Smoker
PAT_0104,50,Male,PLN_SILV,Miami,10/15/2024,Non-Smoker
PAT_0105,79,Male,PLN_SILV,Chicago,3/28/2024,Non-Smoker
PAT_0106,61,Female,PLN_SILV,Chicago,1/29/2024,Non-Smoker
PAT_0107,38,Female,PLN_BRNZ,Chicago,11-05-24,Non-Smoker
PAT_0108,66,Female,PLN_SILV,Chicago,9/13/2024,Non-Smoker
PAT_0109,60,Male,PLN_SILV,Chicago,10-04-24,Non-Smoker
PAT_0110,51,Female,PLN_GOLD,Miami,03-01-24,Smoker
PAT_0111,48,Male,PLN_GOLD,Miami,05-08-24,Non-Smoker
PAT_0112,41,Male,PLN_GOLD,Miami,7/24/2024,Non-Smoker
PAT_0113,43,Female,PLN_SILV,Miami,10/15/2024,Non-Smoker
PAT_0114,58,Female,PLN_BRNZ,Chicago,10/25/2024,Smoker
PAT_0115,25,Male,PLN_GOLD,Miami,5/19/2024,Smoker
PAT_0116,48,Female,PLN_SILV,Chicago,2/29/2024,Non-Smoker
PAT_0117,25,Female,PLN_SILV,Miami,8/30/2023,Non-Smoker
PAT_0118,19,Male,PLN_SILV,Miami,04-04-23,Non-Smoker
PAT_0119,51,Male,PLN_GOLD,Chicago,03-12-23,Non-Smoker
PAT_0120,60,Male,PLN_GOLD,Chicago,10-11-23,Non-Smoker
PAT_0121,59,Male,PLN_GOLD,Chicago,1/16/2023,Non-Smoker
PAT_0122,30,Male,PLN_SILV,Miami,6/22/2024,Smoker
PAT_0123,46,Male,PLN_GOLD,Chicago,11-05-24,Non-Smoker
PAT_0124,51,Male,PLN_SILV,Miami,3/30/2024,Smoker
PAT_0125,19,Female,PLN_SILV,Miami,09-03-24,Non-Smoker
PAT_0126,25,Male,PLN_BRNZ,Miami,04-07-24,Non-Smoker
PAT_0127,41,Female,PLN_BRNZ,Miami,11/17/2023,Non-Smoker
PAT_0128,23,Male,PLN_BRNZ,Miami,04-09-23,Non-Smoker
PAT_0129,35,Female,PLN_SILV,Chicago,2/25/2024,Non-Smoker
PAT_0130,66,Female,PLN_SILV,Chicago,8/14/2024,Non-Smoker
PAT_0131,46,Male,PLN_SILV,Miami,08-10-24,Non-Smoker
PAT_0132,24,Female,PLN_BRNZ,Chicago,07-04-23,Non-Smoker
PAT_0133,30,Female,PLN_BRNZ,Chicago,5/26/2023,Non-Smoker
PAT_0134,18,Female,PLN_SILV,Chicago,1/14/2024,Non-Smoker
PAT_0135,67,Male,PLN_GOLD,Chicago,10-06-23,Non-Smoker
PAT_0136,46,Male,PLN_GOLD,Miami,3/16/2024,Smoker
PAT_0137,58,Female,PLN_GOLD,Chicago,01-08-23,Smoker
PAT_0138,35,Female,PLN_GOLD,Miami,6/29/2023,Smoker
PAT_0139,59,Male,PLN_BRNZ,Miami,2/13/2023,Non-Smoker
PAT_0140,33,Female,PLN_SILV,Miami,4/28/2023,Non-Smoker
PAT_0141,63,Male,PLN_BRNZ,Miami,4/19/2023,Non-Smoker
PAT_0142,43,Female,PLN_SILV,Chicago,12-08-23,Non-Smoker
PAT_0143,47,Female,PLN_GOLD,Miami,10/22/2024,Non-Smoker
PAT_0144,21,Male,PLN_BRNZ,Chicago,10-05-24,Non-Smoker
PAT_0145,63,Female,PLN_BRNZ,Miami,06-04-23,Non-Smoker
PAT_0146,61,Female,PLN_SILV,Chicago,11/14/2023,Non-Smoker
PAT_0147,18,Male,PLN_BRNZ,Miami,4/18/2024,Non-Smoker
PAT_0148,32,Male,PLN_SILV,Chicago,04-06-24,Smoker
PAT_0149,23,Female,PLN_BRNZ,Chicago,01-08-24,Non-Smoker
PAT_0150,57,Female,PLN_GOLD,Chicago,12-04-23,Smoker
PAT_0151,55,Male,PLN_SILV,Miami,3/25/2023,Non-Smoker
PAT_0152,20,Male,PLN_BRNZ,Miami,7/26/2024,Non-Smoker
PAT_0153,64,Male,PLN_BRNZ,Miami,06-04-24,Non-Smoker
PAT_0154,40,Male,PLN_BRNZ,Chicago,5/21/2023,Smoker
PAT_0155,59,Male,PLN_BRNZ,Miami,9/24/2024,Smoker
PAT_0156,53,Male,PLN_SILV,Miami,2/14/2023,Non-Smoker
PAT_0157,58,Male,PLN_SILV,Chicago,11/13/2023,Non-Smoker
PAT_0158,46,Female,PLN_BRNZ,Miami,10/16/2023,Non-Smoker
PAT_0159,57,Male,PLN_BRNZ,Miami,2/23/2023,Non-Smoker
PAT_0160,81,Male,PLN_GOLD,Miami,04-05-24,Non-Smoker
PAT_0161,52,Male,PLN_BRNZ,Miami,2/24/2023,Non-Smoker
PAT_0162,38,Male,PLN_GOLD,Miami,5/30/2023,Smoker
PAT_0163,62,Male,PLN_SILV,Chicago,1/20/2023,Non-Smoker
PAT_0164,48,Male,PLN_SILV,Miami,05-05-23,Smoker
PAT_0165,24,Male,PLN_BRNZ,Chicago,5/28/2023,Non-Smoker
PAT_0166,50,Male,PLN_GOLD,Miami,03-11-23,Non-Smoker
PAT_0167,47,Female,PLN_GOLD,Chicago,10-12-24,Non-Smoker
PAT_0168,39,Male,PLN_GOLD,Chicago,8/18/2024,Non-Smoker
PAT_0169,35,Male,PLN_BRNZ,Miami,05-05-24,Non-Smoker
PAT_0170,30,Male,PLN_SILV,Chicago,11/20/2023,Non-Smoker
PAT_0171,43,Male,PLN_GOLD,Miami,01-01-24,Non-Smoker
PAT_0172,55,Female,PLN_SILV,Miami,1/31/2024,Non-Smoker
PAT_0173,46,Female,PLN_SILV,Chicago,03-10-24,Smoker
PAT_0174,36,Female,PLN_GOLD,Miami,04-01-24,Non-Smoker
PAT_0175,36,Female,PLN_GOLD,Miami,10-09-23,Non-Smoker
PAT_0176,32,Male,PLN_BRNZ,Chicago,5/27/2023,Non-Smoker
PAT_0177,28,Female,PLN_BRNZ,Miami,1/28/2024,Non-Smoker
PAT_0178,79,Male,PLN_GOLD,Chicago,6/26/2024,Non-Smoker
PAT_0179,23,Female,PLN_GOLD,Chicago,9/26/2023,Non-Smoker
PAT_0180,54,Male,PLN_BRNZ,Chicago,5/19/2023,Non-Smoker
PAT_0181,79,Female,PLN_SILV,Miami,03-08-23,Non-Smoker
PAT_0182,64,Male,PLN_BRNZ,Miami,06-04-24,Non-Smoker
PAT_0183,21,Female,PLN_SILV,Miami,7/18/2024,Smoker
PAT_0184,77,Female,PLN_SILV,Miami,08-11-24,Smoker
PAT_0185,58,Male,PLN_GOLD,Chicago,3/19/2024,Non-Smoker
PAT_0186,34,Male,PLN_GOLD,Miami,6/15/2024,Non-Smoker
PAT_0187,39,Male,PLN_BRNZ,Chicago,8/29/2024,Non-Smoker
PAT_0188,61,Male,PLN_SILV,Chicago,2/16/2023,Non-Smoker
PAT_0189,55,Male,PLN_SILV,Miami,10-04-24,Non-Smoker
PAT_0190,58,Female,PLN_SILV,Miami,3/16/2023,Non-Smoker
PAT_0191,45,Male,PLN_GOLD,Miami,11/23/2023,Non-Smoker
PAT_0192,43,Male,PLN_GOLD,Miami,05-06-23,Non-Smoker
PAT_0193,35,Female,PLN_SILV,Chicago,6/13/2023,Non-Smoker
PAT_0194,41,Female,PLN_SILV,Miami,5/24/2024,Smoker
PAT_0195,24,Male,PLN_SILV,Miami,5/21/2024,Non-Smoker
PAT_0196,28,Male,PLN_GOLD,Miami,01-10-24,Non-Smoker
PAT_0197,32,Female,PLN_GOLD,Chicago,1/31/2024,Non-Smoker
PAT_0198,30,Female,PLN_GOLD,Miami,7/25/2024,Non-Smoker
PAT_0199,35,Male,PLN_GOLD,Chicago,12-08-23,Non-Smoker
PAT_0200,26,Female,PLN_BRNZ,Chicago,02-07-24,Non-Smoker
PAT_0201,40,Female,PLN_SILV,Miami,05-01-24,Non-Smoker
PAT_0202,68,Male,PLN_GOLD,Miami,9/29/2023,Non-Smoker
PAT_0203,60,Male,PLN_SILV,Miami,06-01-23,Non-Smoker
PAT_0204,21,Female,PLN_SILV,Chicago,2/27/2024,Non-Smoker
PAT_0205,80,Male,PLN_SILV,Chicago,6/15/2024,Smoker
PAT_0206,46,Female,PLN_GOLD,Miami,11/23/2024,Non-Smoker
PAT_0207,29,Female,PLN_SILV,Chicago,11-01-23,Non-Smoker
PAT_0208,37,Female,PLN_SILV,Miami,05-05-23,Non-Smoker
PAT_0209,76,Female,PLN_SILV,Chicago,10/22/2023,Non-Smoker
PAT_0210,58,Female,PLN_GOLD,Miami,5/21/2023,Smoker
PAT_0211,29,Male,PLN_BRNZ,Chicago,2/23/2023,Smoker
PAT_0212,23,Male,PLN_SILV,Miami,10/30/2024,Non-Smoker
PAT_0213,61,Female,PLN_GOLD,Chicago,04-02-23,Non-Smoker
PAT_0214,66,Male,PLN_GOLD,Chicago,02-11-24,Non-Smoker
PAT_0215,40,Female,PLN_BRNZ,Miami,04-10-24,Non-Smoker
PAT_0216,69,Male,PLN_GOLD,Chicago,12-05-23,Smoker
PAT_0217,25,Female,PLN_SILV,Chicago,6/29/2023,Non-Smoker
PAT_0218,43,Male,PLN_GOLD,Chicago,5/24/2023,Non-Smoker
PAT_0219,21,Female,PLN_BRNZ,Miami,8/19/2024,Non-Smoker
PAT_0220,61,Male,PLN_GOLD,Miami,11-11-23,Smoker
PAT_0221,62,Female,PLN_SILV,Miami,9/21/2024,Non-Smoker
PAT_0222,53,Female,PLN_SILV,Miami,07-04-24,Non-Smoker
PAT_0223,38,Female,PLN_SILV,Chicago,7/31/2024,Smoker
PAT_0224,26,Female,PLN_SILV,Chicago,11/27/2024,Smoker
PAT_0225,46,Male,PLN_GOLD,Miami,04-12-24,Non-Smoker
PAT_0226,61,Male,PLN_GOLD,Chicago,8/15/2024,Smoker
PAT_0227,42,Male,PLN_GOLD,Miami,02-02-23,Non-Smoker
PAT_0228,35,Female,PLN_BRNZ,Miami,1/20/2024,Smoker
PAT_0229,28,Female,PLN_BRNZ,Chicago,8/17/2023,Non-Smoker
PAT_0230,55,Female,PLN_SILV,Chicago,09-11-23,Non-Smoker
PAT_0231,20,Male,PLN_BRNZ,Chicago,7/31/2023,Smoker
PAT_0232,27,Female,PLN_GOLD,Chicago,07-06-24,Smoker
PAT_0233,81,Female,PLN_GOLD,Miami,8/31/2023,Non-Smoker
PAT_0234,47,Male,PLN_GOLD,Miami,7/23/2024,Non-Smoker
PAT_0235,43,Male,PLN_SILV,Miami,1/21/2024,Smoker
PAT_0236,46,Female,PLN_SILV,Chicago,7/29/2024,Non-Smoker
PAT_0237,48,Female,PLN_GOLD,Chicago,04-05-24,Non-Smoker
PAT_0238,19,Male,PLN_SILV,Chicago,07-12-23,Non-Smoker
PAT_0239,27,Female,PLN_BRNZ,Chicago,08-05-23,Non-Smoker
PAT_0240,80,Male,PLN_SILV,Miami,09-03-23,Non-Smoker
PAT_0241,40,Female,PLN_SILV,Miami,06-09-24,Non-Smoker
PAT_0242,63,Male,PLN_GOLD,Miami,11/17/2023,Non-Smoker
PAT_0243,27,Female,PLN_SILV,Miami,06-06-23,Smoker
PAT_0244,43,Female,PLN_BRNZ,Miami,5/15/2024,Non-Smoker
PAT_0245,58,Male,PLN_GOLD,Miami,07-08-23,Non-Smoker
PAT_0246,59,Male,PLN_GOLD,Chicago,2/27/2024,Smoker
PAT_0247,28,Female,PLN_SILV,Chicago,9/24/2024,Non-Smoker
PAT_0248,27,Female,PLN_SILV,Chicago,1/18/2023,Non-Smoker
PAT_0249,48,Female,PLN_SILV,Chicago,4/20/2023,Non-Smoker
PAT_0250,54,Female,PLN_GOLD,Miami,02-11-24,Smoker
PAT_0251,72,Male,PLN_GOLD,Chicago,04-06-23,Non-Smoker
PAT_0252,58,Male,PLN_SILV,Miami,3/20/2024,Non-Smoker
PAT_0253,68,Male,PLN_BRNZ,Chicago,08-03-24,Non-Smoker
PAT_0254,73,Male,PLN_GOLD,Chicago,11/19/2023,Smoker
PAT_0255,77,Male,PLN_GOLD,Miami,11/24/2024,Non-Smoker
PAT_0256,63,Male,PLN_SILV,Miami,2/24/2023,Smoker
PAT_0257,77,Female,PLN_GOLD,Miami,5/17/2024,Non-Smoker
PAT_0258,57,Male,PLN_SILV,Miami,09-10-23,Non-Smoker
PAT_0259,53,Female,PLN_SILV,Miami,01-05-24,Smoker
PAT_0260,58,Male,PLN_GOLD,Chicago,3/17/2024,Non-Smoker
PAT_0261,26,Male,PLN_SILV,Miami,1/30/2024,Smoker
PAT_0262,63,Male,PLN_SILV,Chicago,1/25/2024,Smoker
PAT_0263,22,Female,PLN_GOLD,Miami,11-03-23,Non-Smoker
PAT_0264,55,Male,PLN_SILV,Miami,4/20/2023,Smoker
PAT_0265,56,Female,PLN_GOLD,Miami,10/28/2024,Non-Smoker
PAT_0266,40,Female,PLN_GOLD,Miami,10/26/2023,Non-Smoker
PAT_0267,46,Female,PLN_GOLD,Miami,4/27/2023,Non-Smoker
PAT_0268,59,Female,PLN_SILV,Chicago,3/24/2024,Non-Smoker
PAT_0269,64,Female,PLN_GOLD,Chicago,9/16/2023,Non-Smoker
PAT_0270,29,Female,PLN_BRNZ,Miami,07-01-24,Non-Smoker
PAT_0271,59,Male,PLN_GOLD,Chicago,09-12-23,Non-Smoker
PAT_0272,36,Female,PLN_BRNZ,Miami,3/16/2024,Smoker
PAT_0273,54,Male,PLN_SILV,Miami,1/19/2024,Non-Smoker
PAT_0274,30,Female,PLN_BRNZ,Chicago,10/30/2023,Non-Smoker
PAT_0275,34,Male,PLN_SILV,Miami,12/23/2023,Non-Smoker
PAT_0276,45,Male,PLN_BRNZ,Chicago,12/18/2023,Non-Smoker
PAT_0277,36,Female,PLN_SILV,Miami,4/18/2024,Non-Smoker
PAT_0278,36,Male,PLN_BRNZ,Miami,8/29/2024,Non-Smoker
PAT_0279,54,Male,PLN_BRNZ,Chicago,07-03-24,Smoker
PAT_0280,37,Female,PLN_BRNZ,Miami,9/17/2024,Non-Smoker
PAT_0281,56,Female,PLN_BRNZ,Chicago,11/19/2024,Smoker
PAT_0282,19,Female,PLN_BRNZ,Miami,09-02-24,Smoker
PAT_0283,53,Male,PLN_SILV,Chicago,5/16/2024,Non-Smoker
PAT_0284,64,Male,PLN_BRNZ,Miami,5/20/2023,Smoker
PAT_0285,48,Female,PLN_SILV,Miami,6/21/2023,Smoker
PAT_0286,38,Male,PLN_SILV,Miami,08-02-24,Non-Smoker
PAT_0287,30,Female,PLN_GOLD,Chicago,3/27/2024,Non-Smoker
PAT_0288,34,Female,PLN_BRNZ,Miami,12/23/2023,Non-Smoker
PAT_0289,64,Female,PLN_GOLD,Miami,6/19/2023,Non-Smoker
PAT_0290,64,Female,PLN_SILV,Chicago,11/28/2023,Non-Smoker
PAT_0291,73,Male,PLN_GOLD,Chicago,2/26/2024,Non-Smoker
PAT_0292,22,Male,PLN_BRNZ,Miami,5/16/2024,Smoker
PAT_0293,39,Male,PLN_GOLD,Miami,06-11-24,Non-Smoker
PAT_0294,42,Male,PLN_GOLD,Miami,10-12-24,Non-Smoker
PAT_0295,33,Male,PLN_BRNZ,Miami,10-02-23,Non-Smoker
PAT_0296,41,Female,PLN_SILV,Chicago,2/17/2023,Smoker
PAT_0297,68,Female,PLN_GOLD,Chicago,3/14/2024,Smoker
PAT_0298,29,Female,PLN_BRNZ,Chicago,11-01-24,Non-Smoker
PAT_0299,19,Male,PLN_BRNZ,Miami,11-02-24,Smoker
PAT_0300,19,Female,PLN_SILV,Chicago,01-09-23,Non-Smoker
PAT_0301,44,Male,PLN_SILV,Chicago,4/16/2023,Non-Smoker
PAT_0302,57,Male,PLN_SILV,Chicago,9/16/2024,Non-Smoker
PAT_0303,62,Female,PLN_GOLD,Miami,08-11-23,Smoker
PAT_0304,35,Female,PLN_SILV,Miami,5/24/2023,Non-Smoker
PAT_0305,54,Female,PLN_SILV,Chicago,11-05-24,Non-Smoker
PAT_0306,21,Male,PLN_SILV,Chicago,5/21/2024,Non-Smoker
PAT_0307,46,Female,PLN_BRNZ,Miami,5/16/2023,Non-Smoker
PAT_0308,56,Male,PLN_SILV,Chicago,8/24/2024,Smoker
PAT_0309,66,Female,PLN_GOLD,Miami,03-09-24,Non-Smoker
PAT_0310,48,Male,PLN_GOLD,Chicago,07-03-24,Non-Smoker
PAT_0311,55,Male,PLN_BRNZ,Chicago,3/30/2023,Non-Smoker
PAT_0312,45,Male,PLN_SILV,Chicago,1/13/2023,Non-Smoker
PAT_0313,80,Female,PLN_GOLD,Chicago,1/16/2024,Smoker
PAT_0314,62,Female,PLN_GOLD,Miami,6/20/2024,Smoker
PAT_0315,49,Male,PLN_SILV,Miami,08-03-24,Smoker
PAT_0316,68,Male,PLN_SILV,Chicago,06-05-24,Smoker
PAT_0317,38,Male,PLN_BRNZ,Chicago,7/20/2024,Non-Smoker
PAT_0318,29,Female,PLN_BRNZ,Miami,3/21/2023,Non-Smoker
PAT_0319,19,Male,PLN_BRNZ,Miami,03-12-23,Non-Smoker
PAT_0320,40,Male,PLN_GOLD,Miami,7/31/2024,Non-Smoker
PAT_0321,50,Male,PLN_BRNZ,Chicago,06-04-23,Smoker
PAT_0322,31,Male,PLN_BRNZ,Miami,01-02-23,Non-Smoker
PAT_0323,40,Female,PLN_SILV,Chicago,5/26/2023,Non-Smoker
PAT_0324,32,Female,PLN_BRNZ,Chicago,8/17/2024,Smoker
PAT_0325,43,Male,PLN_BRNZ,Miami,9/25/2023,Non-Smoker
PAT_0326,43,Male,PLN_SILV,Chicago,5/20/2023,Non-Smoker
PAT_0327,27,Female,PLN_SILV,Chicago,07-02-24,Non-Smoker
PAT_0328,37,Male,PLN_BRNZ,Chicago,11-08-23,Non-Smoker
PAT_0329,51,Male,PLN_GOLD,Chicago,12/31/2023,Non-Smoker
PAT_0330,18,Female,PLN_SILV,Chicago,04-07-23,Non-Smoker
PAT_0331,30,Male,PLN_BRNZ,Chicago,7/22/2023,Non-Smoker
PAT_0332,73,Male,PLN_GOLD,Chicago,10/23/2024,Non-Smoker
PAT_0333,20,Male,PLN_BRNZ,Chicago,08-10-24,Non-Smoker
PAT_0334,43,Female,PLN_SILV,Chicago,07-11-23,Non-Smoker
PAT_0335,51,Female,PLN_SILV,Chicago,3/31/2023,Non-Smoker
PAT_0336,20,Male,PLN_BRNZ,Miami,01-03-24,Non-Smoker
PAT_0337,46,Male,PLN_GOLD,Miami,09-03-24,Smoker
PAT_0338,39,Male,PLN_BRNZ,Chicago,4/13/2023,Non-Smoker
PAT_0339,59,Female,PLN_BRNZ,Miami,6/27/2023,Smoker
PAT_0340,76,Female,PLN_GOLD,Chicago,7/30/2024,Non-Smoker
PAT_0341,30,Male,PLN_GOLD,Chicago,09-08-24,Smoker
PAT_0342,75,Male,PLN_GOLD,Miami,07-01-23,Non-Smoker
PAT_0343,32,Male,PLN_BRNZ,Miami,3/16/2023,Non-Smoker
PAT_0344,43,Male,PLN_SILV,Miami,10/16/2024,Non-Smoker
PAT_0345,53,Female,PLN_BRNZ,Chicago,11-12-24,Non-Smoker
PAT_0346,20,Female,PLN_BRNZ,Chicago,07-06-23,Non-Smoker
PAT_0347,68,Male,PLN_GOLD,Chicago,12/22/2023,Non-Smoker
PAT_0348,33,Male,PLN_SILV,Chicago,12/25/2023,Non-Smoker
PAT_0349,31,Male,PLN_SILV,Miami,5/19/2024,Non-Smoker
PAT_0350,57,Male,PLN_SILV,Chicago,04-07-24,Smoker
